ProductRelated,ProductRelated_Duration,BounceRates,ExitRates,Month,OperatingSystems,Revenue
10,627.5,0.02,0.05,Feb,3,0
0,0.0,0.2,0.2,Feb,1,0
13,334.9666667,0.0,0.007692308,Feb,1,0
8,136.1666667,0.0,0.008333333,Feb,2,0
1,0.0,0.2,0.2,Feb,2,0
3,78.0,0.0,0.066666667,Feb,1,0
8,388.0,0.025,0.05625,Feb,3,0
1,0.0,0.2,0.2,Feb,1,0
2,29.0,0.0,0.1,Feb,2,0
14,706.5,0.0,0.007142857,Feb,2,0
1,0.0,0.2,0.2,Feb,1,0
7,208.0,0.0,0.028571429,Feb,4,0
1,0.0,0.2,0.2,Feb,2,0
1,0.0,0.2,0.2,Feb,1,0
19,607.0,0.0,0.026984127,Feb,1,1
12,317.8333333,0.0,0.005555556,Feb,1,0
2,222.0,0.0,0.1,Feb,2,0
21,615.8831169,0.033333333,0.04993081,Feb,3,0
1,0.0,0.2,0.2,Feb,3,0
6,117.5,0.0,0.033333333,Feb,1,0
31,829.1666667,0.03030303,0.040606061,Feb,1,0
23,1223.0,0.015217391,0.012463768,Feb,1,0
20,665.4722222,0.0,0.0145,Feb,3,0
15,487.5,0.0,0.019166667,Feb,1,0
1,0.0,0.2,0.2,Feb,1,0
24,446.9277778,0.0,0.008602151,Feb,2,0
17,284.25,0.0,0.011764706,Feb,3,0
8,260.0,0.008333333,0.025,Feb,3,0
7,80.5,0.0,0.01,Nov,3,0
57,1721.906667,0.0,0.005932203,Nov,2,1
69,1182.432333,0.000684932,0.002998087,Nov,2,1
16,1254.0,0.0,0.019327731,Nov,3,0
0,0.0,0.0,0.033333333,Nov,3,0
26,1114.733333,0.015384615,0.026098901,Nov,3,0
10,122.1666667,0.0,0.02,Nov,1,0
13,517.4,0.0,0.034285714,Nov,2,1
11,267.3,0.0,0.016666667,Nov,2,0
70,2012.660952,0.0,0.001408451,Nov,2,0
10,217.6,0.0,0.0,Nov,3,0
15,1950.386667,0.0,0.007291667,Nov,2,0
99,2129.989707,0.001869159,0.006805318,Nov,2,0
22,681.58,0.00952381,0.025396825,Nov,1,1
13,1036.53178,0.035294118,0.048235852,Nov,3,0
5,244.7,0.011111111,0.033333333,Nov,2,0
2,179.8,0.0,0.033333333,Nov,3,0
18,587.7333333,0.0,0.022222222,Nov,2,1
25,575.8166667,0.0,0.007142857,Nov,2,0
39,1294.599603,0.002702703,0.011568387,Nov,3,0
84,1242.776046,0.0,0.006589147,Nov,1,0
16,982.6,0.0,0.005263158,Nov,3,0
24,1282.953333,0.034782609,0.049565217,Nov,2,0
114,5066.6611,0.006666667,0.016180556,Nov,3,0
22,839.568189,0.0,0.000952381,Nov,3,1
12,599.6133333,0.0,0.020833333,Nov,2,0
48,1850.116667,0.004081633,0.004421769,Nov,1,1
7,212.5,0.0,0.007407407,Nov,2,1
0,0.0,0.0,0.066666667,Nov,1,1
28,877.6666667,0.0,0.003571429,Nov,2,0
7,789.5333333,0.025,0.0375,Nov,3,0
8,194.2285714,0.075,0.078125,Nov,3,0
24,1017.775758,0.052564103,0.049224806,Nov,2,0
32,796.7066667,0.027027027,0.041441441,Nov,2,0
51,2921.902778,0.013661202,0.02989071,Nov,4,1
9,626.6,0.0,0.024242424,Nov,2,0
22,1190.941667,0.0,0.003174603,Nov,3,0
27,1165.944762,0.0,0.007407407,Nov,2,0
85,3684.855282,0.000934579,0.009959744,Nov,3,0
28,559.8666667,0.003448276,0.013793103,Nov,2,0
6,1561.2,0.028571429,0.057142857,Nov,4,0
28,1203.72,0.00625,0.0125,Nov,2,0
19,457.9,0.0,0.022222222,Nov,1,0
24,991.4222222,0.0,0.008333333,Nov,2,1
7,138.8733333,0.0,0.0,Nov,2,1
28,219.8,0.0,0.037931034,Nov,2,0
47,1475.366667,0.010638298,0.02674772,Nov,1,0
26,1145.17,0.0,0.003703704,Nov,1,0
12,672.7,0.0,0.004444444,Nov,2,1
45,1424.804887,0.0,0.008333333,Nov,2,1
40,1773.610152,0.004255319,0.008355899,Nov,1,1
23,845.2788889,0.0,0.011944444,Nov,2,0
20,910.41,0.0,0.003333333,Nov,2,0
23,959.9,0.005882353,0.016666667,Nov,1,1
35,655.6847619,0.0,0.005128205,Nov,2,0
37,829.1871429,0.002325581,0.007674419,Nov,2,0
16,687.3848485,0.0,0.005208333,Nov,3,0
22,616.2033333,0.003846154,0.010470085,Nov,3,0
33,743.2666667,0.005,0.021666667,Nov,2,0
2,22.83333333,0.0,0.033333333,Nov,2,1
21,838.15,0.0,0.0,Nov,2,0
11,401.0133333,0.0,0.022222222,Nov,1,1
31,1157.444833,0.005698006,0.02881889,Nov,2,0
4,97.6,0.0,0.016666667,Nov,3,0
26,1629.438095,0.0,0.004938272,Nov,4,0
26,2609.0,0.0,0.002380952,Nov,2,1
1,0.0,0.2,0.2,Nov,2,0
40,673.65,0.0,0.014634146,Nov,4,1
8,883.9333333,0.0,0.014285714,Nov,1,0
0,0.0,0.0,0.066666667,Nov,1,1
11,1200.2,0.014285714,0.028571429,Nov,2,0
3,294.7,0.0,0.0,Nov,3,1
28,1576.966667,0.0,0.018452381,Nov,2,0
26,743.4766667,0.0,0.021969697,Nov,2,1
13,679.9033333,0.0,0.002564103,Nov,3,1
30,1216.726667,0.0,0.008602151,Nov,4,1
64,1831.942222,0.0,0.015238095,Nov,2,0
41,1275.26927,0.0,0.013461742,Nov,3,0
17,2077.166667,0.0,0.011764706,Nov,2,0
20,593.7019802,0.0,0.005364455,Nov,2,1
5,883.6,0.0,0.0,Nov,2,1
92,4066.207476,0.001754386,0.013603668,Nov,2,0
20,821.8333333,0.05,0.076666667,Nov,3,0
25,927.0,0.007692308,0.034615385,Nov,2,0
14,275.0,0.0,0.023076923,Nov,2,0
33,947.4166667,0.012121212,0.045165945,Nov,2,0
48,2073.916667,0.003921569,0.02627451,Nov,2,0
24,610.6333333,0.0,0.020833333,Nov,1,1
58,2174.708333,0.004022989,0.015229885,Nov,1,1
1,0.0,0.2,0.2,Nov,4,0
65,3804.2875,0.0,0.0203125,Nov,2,0
23,462.2678571,0.0,0.004347826,Nov,1,0
23,835.5833333,0.009090909,0.022727273,Nov,2,0
15,372.0833333,0.0,0.04,Nov,2,0
11,170.5,0.0,0.018181818,Nov,1,0
102,4021.172222,0.0,0.01,Nov,2,0
14,1131.208333,0.0,0.015384615,Nov,3,1
46,2756.19246,0.0,0.01765792,Nov,3,0
10,117.25,0.110714286,0.130952381,Nov,2,1
135,4966.520661,0.003649635,0.011277952,Nov,1,0
63,1980.238095,0.0,0.015025253,Nov,3,0
15,914.5,0.0,0.014285714,Nov,2,1
3,0.0,0.2,0.2,Nov,1,0
143,5149.434919,0.004195804,0.014489415,Nov,2,0
10,234.6384615,0.054545455,0.064935065,Nov,3,0
79,2387.139881,0.028733963,0.046198341,Nov,3,0
30,597.6330532,0.006666667,0.005925926,Nov,1,0
9,117.0,0.0,0.016666667,Nov,2,0
8,713.5833333,0.0,0.046969697,Nov,3,0
3,41.5,0.066666667,0.133333333,Nov,2,0
14,267.25,0.0,0.021428571,Nov,3,0
25,566.8833333,0.0,0.035619048,Nov,2,0
29,1049.313889,0.025595238,0.054241071,Nov,3,0
72,1781.191667,0.008219178,0.015174871,Nov,1,0
238,9956.225533,0.0052,0.016955684,Nov,2,1
74,1845.958333,0.002531646,0.017679325,Nov,2,1
22,1017.166667,0.013043478,0.022318841,Nov,1,0
53,2052.125,0.0,0.003921569,Nov,2,1
90,2776.013582,0.002380952,0.017256944,Nov,3,0
95,4379.863158,0.006314433,0.033908935,Nov,2,0
4,26.0,0.0,0.05,Nov,2,0
2,0.0,0.2,0.2,Nov,1,0
25,635.4916667,0.006666667,0.010222222,Nov,3,1
154,5253.069444,0.001273885,0.008832272,Nov,4,0
8,721.4166667,0.0,0.00952381,Nov,2,0
89,3480.811706,0.002247191,0.014700375,Nov,4,1
17,318.25,0.011111111,0.05,Nov,2,1
24,452.4166667,0.0,0.020833333,Nov,2,1
22,1390.083333,0.0,0.004761905,Nov,2,0
63,5826.333333,0.000793651,0.026719577,Nov,3,0
6,198.75,0.016666667,0.023333333,Nov,2,0
21,580.0833333,0.00952381,0.023809524,Nov,2,0
36,1388.2,0.005555556,0.027777778,Nov,2,0
26,470.8166667,0.005128205,0.042307692,Nov,3,0
3,21.0,0.0,0.066666667,Nov,2,1
3,55.5,0.0,0.08,Nov,1,0
17,256.95,0.0,0.02,Nov,2,1
26,1939.155952,0.006451613,0.026352357,Nov,3,0
5,28.25,0.08,0.093333333,Nov,2,0
56,3543.809524,0.004464286,0.021785714,Nov,2,0
39,1159.541667,0.00125,0.03125,Nov,2,1
2,18.0,0.0,0.1,Nov,2,0
21,936.6428571,0.004545455,0.008987603,Nov,1,0
81,3197.755638,0.01,0.021511083,Nov,3,0
57,1191.8875,0.019298246,0.030732714,Nov,2,0
26,851.6666667,0.006451613,0.01827957,Nov,2,0
90,3111.683333,0.0,0.013249672,Nov,2,0
37,918.5416667,0.005405405,0.005315315,Nov,1,1
27,834.6666667,0.0,0.014285714,Nov,2,0
33,1475.254167,0.0,0.015530303,Nov,3,0
47,2032.272727,0.017021277,0.023877069,Nov,3,0
20,500.5,0.0,0.029824561,Nov,4,0
23,783.75,0.007692308,0.030769231,Nov,2,1
146,3697.731633,0.008108108,0.015188129,Nov,2,1
4,795.0,0.066666667,0.111111111,Nov,3,0
29,759.75,0.0,0.019354839,Nov,2,0
25,525.1666667,0.007692308,0.030769231,Nov,2,0
92,4212.141886,0.008333333,0.021875,Nov,1,1
30,677.9166667,0.006666667,0.013333333,Nov,3,0
81,2126.077501,0.011728395,0.02129074,Nov,3,0
151,9018.123741,0.012820513,0.02459296,Nov,1,0
79,2619.109709,0.016315049,0.020747988,Nov,1,0
28,687.4670635,0.013978495,0.02734255,Nov,1,1
1,0.0,0.2,0.2,Nov,2,0
292,8282.214508,0.000977199,0.005669849,Nov,2,0
30,1288.733333,0.0,0.013376623,Nov,1,0
25,1358.166667,0.007407407,0.022222222,Nov,1,0
96,2857.712454,0.002393617,0.019742908,Nov,3,0
46,1031.133333,0.004680851,0.034267293,Nov,2,0
39,1208.333333,0.0,0.01025641,Nov,1,0
28,705.1166667,0.003703704,0.017901235,Nov,1,0
53,2438.075,0.005357143,0.017261905,Nov,2,1
93,2697.17535,0.006060606,0.019274564,Nov,2,0
19,273.7083333,0.021052632,0.035087719,Nov,3,1
91,3309.448776,0.013285024,0.020476218,Nov,3,1
47,1480.233333,0.010416667,0.027824074,Nov,2,1
8,332.0,0.0,0.028571429,Nov,1,1
37,581.0833333,0.005555556,0.026851852,Nov,2,0
35,990.4642857,0.010810811,0.027027027,Nov,1,1
67,2199.976786,0.008333333,0.027665354,Nov,1,0
22,246.6458333,0.009090909,0.047727273,Nov,3,0
19,812.875,0.0,0.003333333,Nov,3,0
56,4899.626984,0.036904762,0.06360119,Nov,2,0
122,7141.214642,0.012926829,0.01962467,Nov,3,0
34,1573.895833,0.015,0.019055556,Nov,3,0
3,164.0,0.0,0.066666667,Nov,1,0
80,3313.073936,0.022621723,0.059636655,Nov,2,0
21,883.0,0.0,0.010666667,Nov,1,1
85,2155.653752,0.005998168,0.019225201,Nov,1,1
48,4152.083333,0.00625,0.028125,Nov,2,0
8,1066.25,0.0,0.028571429,Nov,1,1
29,873.75,0.0,0.031034483,Nov,2,1
20,695.19375,0.012098765,0.058821329,Nov,1,1
100,5212.708333,0.00952381,0.025768619,Nov,2,1
39,1828.966667,0.005128205,0.02008547,Nov,1,1
169,6920.973243,0.005268892,0.016769542,Nov,1,0
71,2512.51742,0.006349206,0.025572609,Nov,3,1
11,335.0,0.036363636,0.060606061,Nov,3,0
75,1775.241667,0.001333333,0.019428571,Nov,2,0
10,664.5,0.0,0.04,Nov,2,0
81,5000.739116,0.003294118,0.020433155,Nov,2,0
11,229.9166667,0.018181818,0.040909091,Nov,3,0
22,903.1634615,0.009090909,0.015757576,Nov,3,0
51,3296.940476,0.0,0.008595388,Nov,1,0
62,2787.678571,0.003225806,0.015591398,Nov,4,0
10,165.0,0.03,0.046666667,Nov,1,1
65,2019.769468,0.002941176,0.017081105,Nov,1,0
80,1979.3,0.002325581,0.024224806,Nov,2,1
154,7838.556598,0.00376506,0.014926307,Nov,3,0
216,7761.034859,0.007542901,0.022135148,Nov,2,1
309,12158.19639,0.007586207,0.025532176,Nov,2,1
32,2289.1,0.0,0.001015625,Nov,3,0
23,1061.816667,0.0,0.022916667,Nov,2,0
34,858.9464286,0.0,0.011627907,Nov,2,0
1,0.0,0.2,0.2,Nov,2,0
18,2014.416667,0.0025,0.034166667,Nov,1,0
51,1792.814481,0.003571429,0.01186886,Nov,3,1
63,3301.222222,0.006451613,0.03016129,Nov,2,0
59,1533.025834,0.00721393,0.0322986,Nov,2,0
6,551.5,0.033333333,0.077777778,Nov,3,0
54,3978.245833,0.003846154,0.024807692,Nov,2,0
4,47.0,0.0,0.05,Nov,2,0
95,2989.780952,0.005882353,0.014513583,Nov,3,0
1,0.0,0.2,0.2,Nov,3,0
70,3993.135714,0.006,0.014539683,Nov,3,1
97,2811.47807,0.002749141,0.015832106,Nov,2,0
42,1022.384615,0.014634146,0.031939605,Nov,1,0
34,1466.088462,0.007407407,0.024345679,Nov,1,1
57,1319.366667,0.006774194,0.032699169,Nov,3,1
12,2250.35,0.014285714,0.030952381,Nov,1,0
1,0.0,0.2,0.2,Nov,1,0
118,5250.891667,0.001626016,0.014905149,Nov,2,0
21,1050.25,0.0,0.028571429,Nov,2,0
101,6038.244769,0.001904762,0.019112158,Nov,2,1
56,755.4178922,0.001724138,0.015842912,Nov,1,0
73,3059.013889,0.012345679,0.024897119,Nov,2,1
11,227.25,0.018181818,0.018181818,Nov,1,0
2,16.0,0.0,0.05,Nov,2,1
2,19.0,0.0,0.1,Nov,1,0
55,1984.025,0.0,0.003486395,Nov,3,0
62,3142.941176,0.003037975,0.019685462,Nov,2,0
14,1183.0,0.0,0.004761905,Nov,2,1
21,685.1744048,0.028571429,0.043174603,Nov,1,1
7,56.25,0.033333333,0.066666667,Nov,3,0
3,53.0,0.066666667,0.088888889,Nov,1,0
89,3236.865632,0.012544803,0.027526998,Nov,1,0
36,1617.612554,0.010869565,0.025668172,Nov,1,0
25,2408.815476,0.0,0.008333333,Nov,3,1
59,3478.75,0.0,0.013559322,Nov,2,0
88,2085.972565,0.0,0.006273946,Nov,2,0
37,1156.416667,0.0,0.011111111,Nov,1,0
81,2237.757205,0.007231405,0.018203638,Nov,3,0
33,1356.458333,0.0,0.020833333,Nov,2,0
76,1777.520455,0.008,0.025492063,Nov,1,0
9,191.5625,0.0,0.024691358,Nov,3,0
12,201.3333333,0.016666667,0.035714286,Nov,3,0
73,1606.30825,0.010295359,0.019108884,Nov,3,0
21,1461.833333,0.021052632,0.036842105,Nov,2,1
3,0.0,0.2,0.2,Nov,1,0
30,1409.53355,0.0,0.028,Nov,3,0
397,11940.0165,0.006959671,0.009804129,Nov,1,1
11,470.9166667,0.015384615,0.061538462,Nov,1,0
94,2807.149729,0.0,0.002777778,Nov,2,0
3,70.0,0.0,0.066666667,Nov,1,0
33,777.1166667,0.0,0.015104167,Nov,2,0
2,84.0,0.15,0.166666667,Nov,3,0
44,2038.052273,0.007719298,0.028421053,Nov,2,0
5,93.0,0.0,0.04,Nov,2,0
97,1940.293452,0.01717251,0.032369194,Nov,1,0
6,112.7083333,0.04,0.023333333,Nov,3,0
103,3626.003223,0.00751634,0.035131628,Nov,1,0
245,7569.248612,0.007646236,0.016468484,Nov,3,0
41,1119.854167,0.004545455,0.012045455,Nov,2,0
24,1737.0,0.006896552,0.015172414,Nov,1,1
9,198.25,0.018181818,0.036363636,Nov,1,0
175,4877.122575,0.006906077,0.014774057,Nov,2,1
55,1833.244643,0.0,0.008286252,Nov,2,1
30,2188.258333,0.0,0.0078125,Nov,2,1
116,3184.815705,0.00015674,0.022635468,Nov,2,0
16,1558.25,0.0,0.013244048,Nov,3,0
38,1338.778571,0.011111111,0.024532828,Nov,1,0
50,1317.795833,0.01,0.021469506,Nov,3,0
53,661.4455285,0.000754717,0.006528045,Nov,3,0
51,1544.855159,0.012244898,0.027755102,Nov,3,0
71,1733.658333,0.0,0.002898551,Nov,8,0
33,629.8583333,0.006060606,0.03030303,Nov,2,0
50,2428.35,0.020512821,0.041868132,Nov,2,0
19,2081.5,0.0,0.01,Nov,2,1
17,161.55,0.0,0.018518519,Nov,2,0
91,4155.620833,0.002553191,0.022150056,Nov,1,0
40,1542.35,0.0,0.031666667,Nov,2,1
60,1548.08631,0.006349206,0.025925926,Nov,1,0
173,6014.398401,0.009530632,0.025130309,Nov,3,1
24,3181.5,0.002777778,0.027083333,Nov,2,0
10,383.0,0.0,0.05,Nov,2,0
16,530.625,0.0,0.0125,Nov,2,0
97,1835.556213,0.019984314,0.031314735,Nov,1,0
11,1267.25,0.02,0.03,Nov,1,0
61,1260.524994,0.0,0.003225806,Nov,2,1
35,1621.766667,0.007894737,0.040131579,Nov,2,0
117,3228.502137,0.005932203,0.018995891,Nov,1,0
222,9049.534024,0.008536232,0.018457454,Nov,1,0
186,5106.262991,0.003723404,0.023642242,Nov,2,0
57,1315.455182,0.0,0.009501916,Nov,3,1
36,1378.166667,0.005555556,0.026587302,Nov,2,0
51,1364.266667,0.007692308,0.011987179,Nov,3,0
24,1151.0,0.0,0.0125,Nov,2,1
37,1048.980263,0.005555556,0.024074074,Nov,2,0
22,1148.166667,0.009090909,0.036363636,Nov,2,1
130,3313.455754,0.007633588,0.028972728,Nov,2,0
1,0.0,0.2,0.2,Nov,2,0
35,996.1480769,0.006081081,0.041741742,Nov,2,0
1,0.0,0.2,0.2,Nov,2,0
12,748.25,0.016666667,0.022222222,Nov,1,0
2,171.0,0.0,0.1,Nov,3,0
7,130.0,0.057142857,0.085714286,Nov,2,0
133,4885.049069,0.002962963,0.008689192,Nov,1,0
34,2193.383333,0.0,0.024324324,Nov,1,1
35,1092.354167,0.005073996,0.034935835,Nov,2,0
46,1679.666667,0.012,0.026,Nov,3,0
65,3873.02197,0.014393939,0.01991342,Nov,3,1
23,647.1428571,0.004347826,0.022222222,Nov,1,0
27,393.7888889,0.0,0.032193939,Nov,3,0
7,2478.0,0.028571429,0.057142857,Nov,2,1
34,1491.775,0.002020202,0.024793388,Nov,2,1
91,2056.106981,0.008888889,0.023937057,Nov,2,0
50,1295.008333,0.000892857,0.015595238,Nov,3,1
13,193.3666667,0.015384615,0.023076923,Nov,3,0
35,1698.0,0.005714286,0.005714286,Nov,4,1
98,3561.139286,0.008163265,0.018367347,Nov,2,1
167,5080.233631,0.000238095,0.004785636,Nov,4,1
18,251.9,0.0,0.03015873,Nov,1,0
161,3457.628812,0.006140351,0.018923933,Nov,2,1
110,5442.085417,0.005409357,0.02942233,Nov,2,1
139,6566.867562,0.003477444,0.015531015,Nov,2,0
38,1370.038095,0.0,0.004444444,Nov,3,0
4,132.5,0.175,0.183333333,Nov,3,0
54,2446.144571,0.004678363,0.009409888,Nov,3,1
3,116.75,0.0,0.066666667,Nov,3,0
21,752.5666667,0.015384615,0.022435897,Nov,1,0
99,2171.547149,0.016281269,0.029507982,Nov,3,0
157,6123.741494,0.007198364,0.019816374,Nov,2,1
23,502.525,0.007142857,0.021428571,Nov,2,0
89,3747.814286,0.013636364,0.030211039,Nov,1,1
145,5962.732411,0.002857143,0.013265367,Nov,2,1
3,21.25,0.0,0.05,Nov,1,1
5,178.8333333,0.0,0.04,Nov,2,0
27,1381.75,0.006896552,0.034482759,Nov,2,0
54,1547.477273,0.0,0.017333333,Nov,2,1
19,465.6333333,0.0,0.026315789,Nov,1,0
44,737.1819347,0.005581395,0.023137121,Nov,1,0
51,742.9603175,0.003921569,0.012121212,Nov,1,0
51,1346.630231,0.007126437,0.029719534,Nov,2,0
64,1911.610665,0.0125,0.026739194,Nov,1,0
6,135.0833333,0.0,0.009090909,Nov,1,0
33,1399.15,0.0,0.011290323,Nov,1,1
34,740.3071429,0.0,0.014052288,Nov,2,0
27,1009.375,0.007407407,0.040740741,Nov,2,1
6,530.0,0.016666667,0.041666667,Nov,3,0
7,340.5,0.0,0.028571429,Nov,2,0
3,121.5,0.0,0.007407407,Nov,1,0
37,783.875,0.003409091,0.031709957,Nov,2,0
179,10415.78364,0.002551834,0.020876741,Nov,2,0
7,935.6666667,0.0,0.0375,Nov,2,1
41,979.375,0.004651163,0.009302326,Nov,2,0
8,210.4,0.0,0.05,Nov,1,0
8,114.6,0.0,0.01,Nov,1,0
8,123.0,0.025,0.029166667,Nov,3,0
4,24.0,0.0,0.028571429,Nov,2,0
59,985.3151515,0.0,0.004545455,Nov,2,1
64,1602.94026,0.013432836,0.028731343,Nov,3,0
66,1646.612195,0.007142857,0.029065112,Nov,2,0
6,114.4166667,0.0,0.016666667,Nov,3,0
81,2537.807082,0.013793103,0.028674678,Nov,3,0
11,580.25,0.022222222,0.044444444,Nov,3,0
59,1100.475,0.0,0.008391881,Nov,2,1
2,99.5,0.0,0.022222222,Nov,2,1
82,5316.459524,0.005,0.01125,Nov,1,1
137,7012.266796,0.008321168,0.01964546,Nov,1,1
24,602.25,0.0,0.003846154,Nov,2,0
11,115.25,0.027272727,0.045454545,Nov,3,0
64,1716.583333,0.012121212,0.019444444,Nov,4,0
61,1335.737854,0.0,0.002,Nov,4,1
28,690.9583333,0.0,0.022857143,Nov,2,0
202,8217.678753,0.001904762,0.013668745,Nov,2,1
35,1359.771429,0.004761905,0.018611111,Nov,3,0
64,1991.822567,0.014830918,0.022398206,Nov,1,0
132,4096.15859,0.012738095,0.022973065,Nov,3,1
133,3713.580105,0.003381995,0.015889736,Nov,3,0
23,1544.595238,0.058550725,0.092944664,Nov,3,0
423,17086.23424,0.006293706,0.02159902,Nov,2,0
11,463.5,0.0,0.007692308,Nov,3,0
32,2632.7,0.00625,0.013541667,Nov,1,0
46,1461.725,0.003773585,0.014375562,Nov,1,1
156,8613.257312,0.006289308,0.015117319,Nov,1,0
61,4081.041667,0.0,0.019375,Nov,2,0
21,1088.866667,0.0,0.010526316,Nov,3,1
1,0.0,0.2,0.2,Nov,2,0
280,9247.383869,0.003424658,0.016184197,Nov,2,0
88,2638.244429,0.004395604,0.022464739,Nov,1,0
5,375.0,0.0,0.04,Nov,1,0
64,3660.342875,0.014155251,0.023835616,Nov,3,1
68,2614.209722,0.0,0.006942149,Nov,2,0
32,1443.641667,0.0,0.010784314,Nov,2,1
8,480.0,0.0,0.028571429,Nov,1,1
31,828.25,0.012903226,0.030107527,Nov,2,0
78,5097.41833,0.014132104,0.030390424,Nov,3,1
69,1310.636905,0.010869565,0.032793149,Nov,2,0
44,1398.390775,0.017391304,0.026402848,Nov,1,0
197,2915.571429,0.0,0.005025126,Nov,2,0
50,3002.902778,0.002083333,0.013611111,Nov,2,0
82,2375.114286,0.007058824,0.031764706,Nov,2,0
169,8276.292565,0.002406417,0.016051967,Nov,4,0
1,0.0,0.2,0.2,Nov,4,0
5,77.5,0.1,0.08,Nov,3,0
7,162.625,0.0,0.022222222,Nov,2,0
100,4597.124242,0.00925181,0.028496768,Nov,1,1
42,2872.125,0.0025,0.025777778,Nov,2,0
16,1902.25,0.00625,0.016666667,Nov,2,0
29,1433.634921,0.008064516,0.018932412,Nov,3,0
23,709.75,0.029166667,0.043055556,Nov,2,0
30,1076.958333,0.0,0.022857143,Nov,2,1
2,27.5,0.0,0.1,Nov,2,0
61,1749.842262,0.015196078,0.02894958,Nov,1,0
66,2178.85,0.003555556,0.010977778,Nov,2,1
12,541.5357143,0.0,0.008333333,Nov,2,1
70,5778.966667,0.005921856,0.023453364,Nov,2,0
106,6617.791228,0.009047619,0.026412307,Nov,3,1
4,71.5,0.0,0.033333333,Nov,2,0
3,0.0,0.2,0.2,Nov,3,0
120,3934.201024,0.002459016,0.023646,Nov,2,0
18,559.0,0.047058824,0.098039216,Nov,1,0
68,3974.534501,0.013513514,0.019008442,Nov,3,0
79,2006.834416,0.002531646,0.006439185,Nov,3,0
7,103.5208333,0.0,0.002777778,Nov,3,0
48,1252.561414,0.014038462,0.024738632,Nov,3,0
4,478.0333333,0.05,0.047619048,Nov,1,0
61,1740.052778,0.007179487,0.023796204,Nov,2,0
10,242.0833333,0.0,0.046666667,Nov,2,0
67,2162.840879,0.007407407,0.018259847,Nov,3,0
31,1998.25,0.01010101,0.037373737,Nov,2,0
13,287.3333333,0.0,0.013333333,Nov,2,0
49,1768.980303,0.0,0.004166667,Nov,3,1
56,2627.756494,0.021052632,0.025044663,Nov,3,1
47,1073.31002,0.004787234,0.029749907,Nov,1,0
19,1124.888889,0.010526316,0.028229665,Nov,3,0
87,2504.870761,0.019555912,0.036429937,Nov,1,0
67,2891.744571,0.013235294,0.023901833,Nov,3,0
26,650.8083333,0.0,0.014285714,Nov,1,1
2,99.0,0.033333333,0.066666667,Nov,4,0
15,729.0,0.0,0.033333333,Nov,3,0
17,190.7083333,0.022222222,0.039259259,Nov,3,0
37,925.6666667,0.0,0.007894737,Nov,3,0
12,292.875,0.0,0.028333333,Nov,4,0
21,476.8666667,0.00952381,0.034126984,Nov,3,0
146,8150.556716,0.001290323,0.01127957,Nov,2,0
11,1046.666667,0.005555556,0.025,Nov,3,0
324,14213.63652,0.002063983,0.010072239,Nov,2,1
2,34.5,0.0,0.1,Nov,2,0
266,9770.812093,0.007348856,0.024720163,Nov,2,0
14,208.9,0.0,0.014285714,Nov,1,0
68,1806.166667,0.004411765,0.027941176,Nov,2,0
23,866.7071429,0.007142857,0.020522573,Nov,3,0
16,411.9375,0.00952381,0.00952381,Nov,3,0
56,2354.958333,0.0,0.018571429,Nov,2,0
89,2744.541071,0.003370787,0.015636704,Nov,3,0
534,18504.12621,0.010856514,0.023309001,Nov,2,1
2,54.0,0.0,0.033333333,Nov,1,0
61,2440.473611,0.00625,0.014867424,Nov,3,0
15,263.25,0.013333333,0.04,Nov,1,0
30,917.25,0.0,0.005405405,Nov,2,1
14,289.625,0.0,0.028571429,Nov,2,0
13,135.875,0.030769231,0.076923077,Nov,1,0
55,4156.9,0.018787879,0.05352381,Nov,2,0
470,14129.8808,0.0,0.00362107,Nov,4,1
21,1051.166667,0.0,0.00952381,Nov,1,1
18,706.05,0.006666667,0.044938272,Nov,1,0
51,1788.370821,0.016969697,0.014709835,Nov,3,1
11,251.2916667,0.0,0.011111111,Nov,3,0
56,656.7681818,0.0,0.006941639,Nov,3,0
33,968.6444444,0.019191919,0.023480257,Nov,3,0
80,2170.286706,0.003571429,0.021527778,Nov,3,1
62,2038.772727,0.007070707,0.0254662,Nov,2,0
21,1469.666667,0.008695652,0.014492754,Nov,1,0
7,416.5,0.044444444,0.031111111,Nov,3,0
15,612.0,0.0,0.013333333,Nov,1,0
22,1032.75,0.0,0.019230769,Nov,2,0
3,87.5,0.0,0.022222222,Nov,2,0
6,53.375,0.05,0.035,Nov,1,0
27,630.75,0.016,0.02,Nov,2,0
29,1352.133333,0.0,0.025287356,Nov,3,1
8,158.25,0.0,0.003571429,Nov,1,0
22,464.6583333,0.018181818,0.034090909,Nov,1,0
57,2167.126924,0.008181818,0.017137357,Nov,3,1
26,1357.833333,0.0,0.018487395,Nov,3,1
1,0.0,0.2,0.2,Nov,2,0
18,211.4166667,0.033333333,0.061111111,Nov,2,0
81,2930.722222,0.003658537,0.018943089,Nov,2,1
28,912.4348485,0.0,0.026839827,Nov,2,0
27,1095.658333,0.017857143,0.01547619,Nov,1,1
40,1284.569048,0.00625,0.019791667,Nov,1,1
19,660.8039683,0.002173913,0.008038828,Nov,3,0
15,428.0,0.0,0.014285714,Nov,1,1
16,877.6666667,0.004166667,0.020208333,Nov,3,0
37,1118.987027,0.003252033,0.018958927,Nov,2,0
7,242.75,0.014285714,0.047619048,Nov,3,0
55,946.3636364,0.010909091,0.025454545,Nov,2,0
52,1380.166667,0.007692308,0.023076923,Nov,2,0
10,228.0,0.0,0.06,Nov,2,0
84,4894.851299,0.002682927,0.028446662,Nov,2,1
15,242.9166667,0.006666667,0.006666667,Nov,3,0
107,3074.852778,0.015454545,0.026239965,Nov,2,0
16,374.5,0.029411765,0.03627451,Nov,3,0
43,1825.557143,0.0,0.018115942,Nov,2,0
127,3247.644636,0.008844998,0.017025608,Nov,3,1
205,4295.305066,0.001746725,0.008801049,Nov,2,0
98,5325.234886,0.001941748,0.012604407,Nov,2,1
3,25.5,0.066666667,0.133333333,Nov,1,0
57,3696.225342,0.007017544,0.037615417,Nov,3,0
4,95.0,0.0,0.033333333,Nov,2,0
76,2642.458333,0.011481481,0.026290598,Nov,2,1
29,672.125,0.0,0.011764706,Nov,2,1
8,140.1666667,0.0,0.0375,Nov,2,0
120,4173.131061,0.006716418,0.027927974,Nov,2,0
5,125.75,0.066666667,0.14,Nov,3,0
6,118.3333333,0.033333333,0.044444444,Nov,3,0
48,4293.833333,0.008333333,0.034166667,Nov,2,0
40,1699.583333,0.023076923,0.033799534,Nov,2,0
14,376.0,0.0375,0.040625,Nov,2,1
27,811.8630952,0.0,0.015873016,Nov,1,0
73,2371.371545,0.013333333,0.033805229,Nov,3,0
57,1761.285714,0.006896552,0.022220854,Nov,1,0
29,1343.946429,0.035714286,0.034983766,Nov,3,0
9,87.91666667,0.0,0.003174603,Nov,8,0
1,0.0,0.2,0.2,Nov,3,0
30,585.8,0.0,0.002083333,Nov,2,0
28,630.0833333,0.013580247,0.032839506,Nov,1,0
1,0.0,0.2,0.2,Nov,3,0
31,1297.464286,0.0,0.018010753,Nov,2,0
8,391.25,0.0,0.0125,Nov,3,0
51,1655.358333,0.0,0.013071895,Nov,2,0
4,87.875,0.0,0.026666667,Nov,1,1
3,120.5,0.0,0.066666667,Nov,2,0
48,1900.675,0.008510638,0.009574468,Nov,1,1
2,138.5,0.0,0.1,Nov,3,0
9,125.25,0.0,0.033333333,Nov,2,0
13,263.0,0.015384615,0.044615385,Nov,2,0
15,535.25,0.0,0.02,Nov,3,0
131,6225.988835,0.003562341,0.025012117,Nov,2,1
24,810.5,0.0,0.017207792,Nov,1,0
6,504.5,0.0,0.057142857,Nov,2,0
95,3879.83176,0.001960784,0.017745098,Nov,3,1
33,1051.125,0.0,0.010526316,Nov,2,1
128,6483.0804,0.003307888,0.012517824,Nov,2,0
22,348.5,0.004545455,0.022727273,Nov,2,1
32,1493.958333,0.0,0.020967742,Nov,2,0
14,484.8452381,0.000606061,0.043661654,Nov,3,0
13,125.125,0.047058824,0.053333333,Nov,3,0
6,90.16666667,0.033333333,0.066666667,Nov,3,0
40,1473.658333,0.0,0.031153846,Nov,1,0
1,0.0,0.2,0.2,Nov,8,0
58,1470.629167,0.011111111,0.015396825,Nov,3,0
44,1410.428571,0.008695652,0.026086957,Nov,2,0
2,0.0,0.2,0.2,Nov,3,0
1,0.0,0.2,0.2,Nov,3,0
43,1866.107143,0.0,0.025,Nov,2,0
39,2447.548611,0.028354978,0.057999382,Nov,1,0
3,19.25,0.0,0.066666667,Nov,1,0
40,2128.416667,0.004761905,0.019047619,Nov,2,0
29,991.8270202,0.008823529,0.008921569,Nov,3,0
37,1269.645833,0.014197531,0.012037037,Nov,1,0
43,1457.113095,0.023809524,0.04015873,Nov,3,0
56,1531.920136,0.011507937,0.017881096,Nov,3,0
50,2147.983333,0.012285714,0.024768116,Nov,3,0
124,3197.290064,0.010320513,0.01989345,Nov,3,0
53,1481.429167,0.001851852,0.012345679,Nov,1,1
17,390.7738095,0.0,0.025,Nov,1,0
2,17.0,0.0,0.1,Nov,4,0
1,0.0,0.2,0.2,Nov,3,0
43,907.5083333,0.0,0.002439024,Nov,1,0
50,3421.575758,0.0,0.012333333,Nov,2,0
3,192.5,0.0,0.05,Nov,2,0
20,1166.333333,0.0,0.002631579,Nov,2,1
231,11246.13379,0.001746725,0.010029112,Nov,2,0
12,1145.416667,0.009090909,0.048484848,Nov,3,0
10,174.0833333,0.06,0.07,Nov,2,0
73,2784.8,0.002739726,0.015317559,Nov,2,0
15,2106.833333,0.014285714,0.037301587,Nov,1,1
22,535.0,0.0,0.025,Nov,2,1
46,689.0606061,0.002272727,0.012062937,Nov,2,1
13,524.0,0.0,0.016666667,Nov,2,1
12,220.2666667,0.0,0.02,Nov,1,1
46,1143.833333,0.009803922,0.014488017,Nov,3,0
89,3614.105147,0.006439394,0.020569813,Nov,1,0
58,1893.444444,0.002380952,0.019047619,Nov,1,1
7,357.75,0.014285714,0.077142857,Nov,4,0
131,4442.394444,0.011678832,0.014283502,Nov,4,0
27,825.1401515,0.006896552,0.025517241,Nov,2,0
97,3989.485553,0.002,0.012201868,Nov,2,0
89,3401.3,0.002222222,0.014835979,Nov,2,0
15,755.25,0.026666667,0.033333333,Nov,2,0
23,180.5,0.009090909,0.036363636,Nov,2,0
16,261.0,0.012820513,0.029871795,Nov,3,0
82,3174.642793,0.004494382,0.012081072,Nov,1,0
40,700.1277778,0.011,0.027788462,Nov,1,0
109,3339.07598,0.008181818,0.014582448,Nov,2,0
55,2570.42619,0.003508772,0.017278044,Nov,3,0
58,4191.031746,0.014583333,0.033093378,Nov,1,0
195,7980.363439,7.5e-05,0.005865824,Nov,2,1
27,910.0,0.007407407,0.011111111,Nov,4,0
56,2581.355128,0.003278689,0.011373326,Nov,3,0
5,185.0,0.0,0.04,Nov,3,0
38,2232.833333,0.0,0.026315789,Nov,2,1
27,955.525,0.013333333,0.022222222,Nov,3,0
39,2034.466667,0.005128205,0.015555556,Nov,2,1
7,343.25,0.0,0.028571429,Nov,2,1
92,2716.519048,0.006737589,0.037885297,Nov,2,0
61,1617.519048,0.013978495,0.030295699,Nov,3,0
56,955.5432151,0.007494145,0.010650662,Nov,3,1
11,1712.416667,0.018181818,0.036363636,Nov,3,0
10,83.41666667,0.0,0.022222222,Nov,1,0
3,255.0,0.0,0.066666667,Nov,2,0
78,3913.98703,0.005424955,0.006561181,Nov,3,0
11,213.0,0.05,0.066666667,Nov,2,0
34,933.85,0.021875,0.031505682,Nov,1,0
1,487.0,0.0,0.1,Nov,1,0
10,128.5,0.030555556,0.085119048,Nov,3,0
24,724.7666667,0.030555556,0.037797619,Nov,3,0
186,8425.870475,0.003403141,0.015721509,Nov,2,0
16,1037.819444,0.020833333,0.028125,Nov,1,0
12,315.7797619,0.016666667,0.025,Nov,1,0
83,3708.383949,0.002420052,0.012547833,Nov,2,0
34,456.525,0.006060606,0.03030303,Nov,1,0
55,2415.416667,0.0,0.019811321,Nov,2,0
81,2253.799603,0.011463415,0.015875182,Nov,3,1
21,1231.5,0.0,0.016,Nov,2,1
41,1167.95,0.0,0.011347518,Nov,1,1
42,947.357702,0.004347826,0.017294686,Nov,1,0
23,662.5,0.0,0.013043478,Nov,2,1
74,3487.12471,0.002739726,0.009519461,Nov,3,0
82,11257.1083,0.005574913,0.019401736,Nov,2,0
9,89.0,0.0,0.055555556,Nov,2,0
2,100.0,0.0,0.1,Nov,2,0
46,3346.041667,0.0,0.01884058,Nov,2,1
13,297.8333333,0.0,0.021428571,Nov,1,0
21,829.3333333,0.0,0.008333333,Nov,2,0
39,650.8333333,0.0,0.003070175,Nov,1,1
30,1285.166667,0.002758621,0.022660099,Nov,3,0
42,1753.083333,0.0,0.007301587,Nov,4,1
20,1194.75,0.0,0.026315789,Nov,2,1
2,58.0,0.0,0.1,Nov,2,0
79,2663.583333,0.002531646,0.017088608,Nov,2,1
374,12499.37711,0.00198939,0.010782459,Nov,2,0
11,221.375,0.0,0.015384615,Nov,2,0
96,5947.97123,0.0125,0.028333333,Nov,2,1
5,134.5,0.04,0.024,Nov,3,0
10,138.1666667,0.0,0.015384615,Nov,2,0
7,98.55,0.05,0.058333333,Nov,3,0
48,1268.116667,0.022902098,0.027788462,Nov,1,0
81,1778.663263,0.0,0.002857143,Nov,1,0
13,342.9202381,0.0,0.011794872,Nov,3,0
100,2565.797222,0.001869159,0.012071651,Nov,2,0
152,4838.29406,0.003046557,0.022523524,Nov,2,0
119,2763.011332,0.005367232,0.007566642,Nov,3,0
22,493.0,0.0,0.00952381,Nov,4,1
25,293.4166667,0.0,0.013461538,Nov,3,0
27,723.7666667,0.011494253,0.016387521,Nov,1,0
16,242.75,0.0,0.004910714,Nov,1,0
55,1170.711048,0.006779661,0.004699538,Nov,3,0
8,104.5,0.0,0.016666667,Nov,1,1
16,866.4166667,0.0,0.004444444,Nov,4,0
24,381.25,0.0125,0.0625,Nov,2,0
222,8068.742154,0.008325792,0.02329814,Nov,2,0
15,1677.178571,0.026666667,0.060444444,Nov,3,0
279,9485.374568,0.003113824,0.018561894,Nov,2,0
64,1899.598899,0.010964912,0.029949875,Nov,3,0
12,122.6666667,0.0,0.014285714,Nov,1,0
12,107.0,0.0,0.033333333,Nov,1,0
15,267.7333333,0.022857143,0.040606061,Nov,3,0
9,308.3333333,0.0,0.0125,Nov,1,0
34,2265.571429,0.0,0.018018018,Nov,4,1
50,1009.430952,0.006,0.017238095,Nov,1,1
15,369.5,0.0,0.025,Nov,3,0
85,2834.280117,0.004883721,0.013388945,Nov,2,0
18,954.9083333,0.0,0.008521303,Nov,1,0
36,759.0833333,0.008333333,0.025925926,Nov,2,0
6,168.0,0.0,0.011111111,Nov,1,0
57,1234.5,0.001724138,0.020689655,Nov,2,0
103,3400.248897,0.014692557,0.025598706,Nov,3,0
65,1624.941667,0.0,0.0203125,Nov,2,0
11,396.5,0.0,0.007692308,Nov,3,0
12,166.0833333,0.016666667,0.025,Nov,1,0
52,1300.041667,0.001960784,0.023193277,Nov,2,1
176,7767.32556,0.006045198,0.019212627,Nov,2,0
15,810.3333333,0.0,0.020512821,Nov,2,0
15,1251.316667,0.0,0.03452381,Nov,3,1
2,0.0,0.2,0.2,Nov,1,0
83,2616.905952,0.002409639,0.033978772,Nov,2,1
42,1892.005556,0.02195122,0.040859466,Nov,1,1
27,916.9222222,0.0,0.009677419,Nov,1,1
22,612.8194444,0.015018315,0.025760906,Nov,3,1
50,1032.008333,0.008,0.014133333,Nov,2,0
14,1324.133333,0.003571429,0.015986395,Nov,1,0
1,0.0,0.2,0.2,Nov,1,0
96,5286.208333,0.011,0.024119048,Nov,2,0
102,3085.620238,0.010851648,0.024392801,Nov,2,1
5,123.6666667,0.033333333,0.013333333,Nov,1,0
27,541.2071429,0.008888889,0.029320988,Nov,1,0
102,4264.419078,0.007783883,0.019834499,Nov,3,0
170,7128.75377,0.003370787,0.016081238,Nov,2,1
96,4803.82717,0.012794613,0.02630097,Nov,3,0
142,4777.812554,0.005666252,0.019707705,Nov,3,0
18,635.3333333,0.0,0.011764706,Nov,2,1
10,264.25,0.016666667,0.025,Nov,1,1
6,161.0,0.033333333,0.1,Nov,1,0
10,146.9166667,0.06,0.085,Nov,3,0
7,444.25,0.028571429,0.021428571,Nov,3,0
35,2994.827381,0.0,0.01969697,Nov,2,0
118,3211.344872,0.006779661,0.016468927,Nov,2,1
290,11240.97669,0.012382578,0.024237631,Nov,3,0
4,790.0,0.0,0.05,Nov,8,0
7,179.9583333,0.0,0.005,Nov,2,1
70,2721.555108,0.001951952,0.017189707,Nov,1,1
37,1673.593939,0.001851852,0.040162037,Nov,2,0
18,353.0833333,0.022222222,0.05,Nov,1,1
32,1375.8,0.016129032,0.041935484,Nov,3,0
17,442.1666667,0.0,0.010526316,Nov,2,0
30,1254.295238,0.006666667,0.014666667,Nov,1,0
6,234.5,0.1,0.133333333,Nov,1,0
56,1568.65,0.006896552,0.02183908,Nov,2,0
19,557.35,0.0,0.029824561,Nov,1,0
15,593.75,0.0,0.014285714,Nov,1,1
84,1460.256115,0.004703833,0.013205032,Nov,1,0
6,64.20833333,0.0,0.02,Nov,3,0
102,4227.094444,0.0,0.00849359,Nov,2,0
31,1063.420238,0.011111111,0.019961874,Nov,3,0
22,1327.666667,0.0,0.032359307,Nov,2,1
132,5091.890896,0.006521739,0.029863649,Nov,2,1
38,1342.434295,0.0,0.022542075,Nov,2,1
7,205.5,0.028571429,0.038095238,Nov,2,0
14,671.625,0.0,0.030625,Nov,1,0
13,1461.416667,0.021978022,0.047163947,Nov,3,0
14,770.5,0.0,0.002666667,Nov,3,0
71,2632.189286,0.000694444,0.008611111,Nov,4,0
7,331.0,0.0,0.014285714,Nov,1,0
94,4698.796429,0.0,0.017659574,Nov,2,0
95,2900.791667,0.003960396,0.023267327,Nov,2,1
231,9230.890838,0.006458333,0.021838687,Nov,3,0
10,761.75,0.022222222,0.022222222,Nov,3,0
60,1883.444231,0.0,0.020858475,Nov,3,1
14,1043.15,0.05,0.08125,Nov,1,0
24,1277.842857,0.0,0.016073781,Nov,3,0
5,586.0,0.0,0.06,Nov,2,0
4,161.25,0.0,0.05,Nov,1,0
131,3865.838889,0.006458094,0.023900203,Nov,2,1
9,297.0833333,0.0,0.014285714,Nov,2,0
73,2163.5,0.007692308,0.02991453,Nov,2,0
98,6212.779517,0.024162985,0.033991575,Nov,3,0
12,879.8,0.0,0.005555556,Nov,2,0
17,278.6666667,0.015686275,0.042666157,Nov,3,0
114,3459.479978,0.001574803,0.009848144,Nov,2,1
7,186.0,0.046153846,0.033333333,Nov,3,0
41,1053.841565,0.002990033,0.014327278,Nov,2,0
63,2219.866667,0.003174603,0.023129252,Nov,2,0
7,389.1666667,0.0,0.021428571,Nov,3,1
10,902.6666667,0.0,0.03,Nov,2,0
55,1893.650488,0.012727273,0.038483516,Nov,3,0
193,6784.671131,0.004931973,0.021157516,Nov,2,1
6,101.0,0.02,0.03,Nov,1,0
18,541.9166667,0.0,0.015686275,Nov,3,0
81,3466.794048,0.018431373,0.022050322,Nov,3,0
11,239.5833333,0.0,0.016666667,Nov,2,0
107,2640.135697,0.0,0.015489592,Nov,1,1
9,279.0,0.04,0.041666667,Nov,3,0
19,540.3333333,0.0,0.044736842,Nov,2,0
93,2720.265368,0.007142857,0.034701976,Nov,3,0
22,812.3,0.030848861,0.057391304,Nov,1,0
76,3923.586111,0.000865801,0.013675718,Nov,2,0
83,6072.032391,0.007058824,0.024023709,Nov,3,1
93,2773.010873,0.011827957,0.017573541,Nov,3,0
44,2664.445833,0.002040816,0.010884354,Nov,2,1
56,959.8117424,0.0,0.011420635,Nov,2,0
40,1445.840909,0.003827751,0.032192982,Nov,3,0
3,88.5,0.0,0.033333333,Nov,3,0
22,185.25,0.021212121,0.075757576,Nov,2,0
45,4018.45,0.009090909,0.021969697,Nov,2,0
221,11431.00124,0.011148992,0.021904109,Nov,2,1
7,212.5,0.0,0.033333333,Nov,3,0
5,465.75,0.0,0.021333333,Nov,3,0
6,184.25,0.083333333,0.086666667,Nov,3,0
3,21.25,0.0,0.066666667,Nov,3,0
